Date,Shift,Hour,Machine_ID,Operator_Name,Product_Name,Target_Output,Actual_Output,Cumulative_Output,Defects_Rework,Downtime_Minutes,Reason_for_Downtime,Operator_Remarks
2024-04-01,Morning,1,M01,Operator_1,Product_3,60,59,59,2,0,,Checked pressure
2024-04-01,Morning,2,M01,Operator_9,Product_1,60,53,112,1,0,,
2024-04-01,Morning,3,M01,Operator_2,Product_2,60,57,169,1,0,,
2024-04-01,Morning,4,M05,Operator_4,Product_5,60,65,65,3,0,,
2024-04-01,Morning,5,M05,Operator_5,Product_1,60,49,114,2,10,Material Shortage,
2024-04-01,Morning,6,M03,Operator_5,Product_2,60,45,45,1,0,,Replaced part
2024-04-01,Morning,7,M01,Operator_2,Product_4,60,45,214,2,0,,Replaced part
2024-04-01,Morning,8,M05,Operator_5,Product_1,60,40,154,2,5,Machine Failure,
2024-04-01,Afternoon,1,M01,Operator_9,Product_3,60,43,43,0,10,Maintenance,Checked pressure
2024-04-01,Afternoon,2,M01,Operator_1,Product_2,60,58,101,4,10,Machine Failure,Checked pressure
2024-04-01,Afternoon,3,M01,Operator_7,Product_3,60,48,149,0,0,,Replaced part
2024-04-01,Afternoon,4,M02,Operator_6,Product_3,60,73,73,1,0,,Replaced part
2024-04-01,Afternoon,5,M01,Operator_10,Product_2,60,52,201,2,0,,Checked pressure
2024-04-01,Afternoon,6,M02,Operator_8,Product_4,60,58,131,1,0,,Checked pressure
2024-04-01,Afternoon,7,M03,Operator_1,Product_2,60,62,62,0,10,Maintenance,
2024-04-01,Afternoon,8,M03,Operator_2,Product_2,60,56,118,1,15,Maintenance,Checked pressure
2024-04-01,Night,1,M04,Operator_7,Product_4,60,44,44,2,0,,Checked pressure
2024-04-01,Night,2,M02,Operator_9,Product_5,60,39,39,2,0,,
2024-04-01,Night,3,M05,Operator_7,Product_3,60,60,60,2,0,,Checked pressure
2024-04-01,Night,4,M05,Operator_8,Product_1,60,63,123,1,10,Machine Failure,Checked pressure
2024-04-01,Night,5,M02,Operator_7,Product_5,60,58,97,1,0,,
2024-04-01,Night,6,M05,Operator_8,Product_5,60,64,187,1,0,,
2024-04-01,Night,7,M01,Operator_9,Product_3,60,63,63,2,10,Maintenance,
2024-04-01,Night,8,M03,Operator_7,Product_2,60,68,68,4,0,,Replaced part
2024-04-02,Morning,1,M05,Operator_3,Product_5,60,28,28,0,15,Maintenance,Checked pressure
2024-04-02,Morning,2,M02,Operator_6,Product_2,60,63,63,0,0,,
2024-04-02,Morning,3,M05,Operator_6,Product_4,60,55,83,3,0,,Replaced part
2024-04-02,Morning,4,M03,Operator_4,Product_1,60,52,52,2,0,,
2024-04-02,Morning,5,M01,Operator_8,Product_1,60,52,52,2,30,Material Shortage,Checked pressure
2024-04-02,Morning,6,M04,Operator_9,Product_2,60,50,50,3,0,,
2024-04-02,Morning,7,M02,Operator_9,Product_2,60,55,118,3,5,Operator Break,Replaced part
2024-04-02,Morning,8,M04,Operator_9,Product_4,60,64,114,1,0,,Checked pressure
2024-04-02,Afternoon,1,M01,Operator_6,Product_1,60,57,57,0,0,,Checked pressure
2024-04-02,Afternoon,2,M05,Operator_4,Product_1,60,57,57,2,0,,
2024-04-02,Afternoon,3,M02,Operator_2,Product_1,60,51,51,3,15,Machine Failure,Checked pressure
2024-04-02,Afternoon,4,M03,Operator_8,Product_2,60,46,46,3,0,,
2024-04-02,Afternoon,5,M02,Operator_8,Product_4,60,35,86,1,0,,
2024-04-02,Afternoon,6,M04,Operator_6,Product_4,60,54,54,2,0,,
2024-04-02,Afternoon,7,M01,Operator_1,Product_4,60,59,116,1,5,Machine Failure,Checked pressure
2024-04-02,Afternoon,8,M02,Operator_4,Product_5,60,52,138,2,0,,
2024-04-02,Night,1,M02,Operator_5,Product_4,60,66,66,2,0,,
2024-04-02,Night,2,M04,Operator_9,Product_1,60,62,62,3,0,,
2024-04-02,Night,3,M01,Operator_4,Product_2,60,50,50,1,0,,
2024-04-02,Night,4,M02,Operator_7,Product_1,60,64,130,2,0,,
2024-04-02,Night,5,M04,Operator_5,Product_4,60,39,101,1,0,,
2024-04-02,Night,6,M02,Operator_4,Product_3,60,55,185,3,0,,
2024-04-02,Night,7,M05,Operator_9,Product_1,60,47,47,4,5,Machine Failure,
2024-04-02,Night,8,M05,Operator_8,Product_5,60,51,98,2,15,Material Shortage,
2024-04-03,Morning,1,M05,Operator_2,Product_2,60,57,57,1,0,,
2024-04-03,Morning,2,M02,Operator_7,Product_1,60,62,62,5,15,Material Shortage,
2024-04-03,Morning,3,M05,Operator_2,Product_4,60,57,114,0,5,Maintenance,Replaced part
2024-04-03,Morning,4,M02,Operator_6,Product_2,60,47,109,1,0,,Checked pressure
2024-04-03,Morning,5,M03,Operator_8,Product_3,60,65,65,2,15,Machine Failure,
2024-04-03,Morning,6,M04,Operator_10,Product_5,60,68,68,3,30,Machine Failure,Checked pressure
2024-04-03,Morning,7,M05,Operator_5,Product_2,60,63,177,0,15,Machine Failure,Checked pressure
2024-04-03,Morning,8,M03,Operator_5,Product_2,60,73,138,1,0,,Replaced part
2024-04-03,Afternoon,1,M05,Operator_9,Product_1,60,63,63,4,5,Maintenance,
2024-04-03,Afternoon,2,M02,Operator_5,Product_1,60,52,52,2,15,Material Shortage,Replaced part
2024-04-03,Afternoon,3,M03,Operator_10,Product_2,60,55,55,4,5,Material Shortage,Replaced part
2024-04-03,Afternoon,4,M05,Operator_8,Product_3,60,53,116,0,15,Machine Failure,
2024-04-03,Afternoon,5,M04,Operator_5,Product_1,60,53,53,4,0,,Checked pressure
2024-04-03,Afternoon,6,M03,Operator_3,Product_4,60,62,117,2,0,,
2024-04-03,Afternoon,7,M05,Operator_1,Product_1,60,62,178,2,0,,Checked pressure
2024-04-03,Afternoon,8,M05,Operator_1,Product_3,60,55,233,2,0,,Checked pressure
2024-04-03,Night,1,M04,Operator_3,Product_1,60,65,65,3,0,,
2024-04-03,Night,2,M03,Operator_4,Product_2,60,55,55,5,5,Maintenance,
2024-04-03,Night,3,M05,Operator_3,Product_2,60,69,69,4,15,Material Shortage,
2024-04-03,Night,4,M01,Operator_3,Product_3,60,55,55,1,10,Operator Break,Checked pressure
2024-04-03,Night,5,M03,Operator_3,Product_1,60,50,105,2,0,,
2024-04-03,Night,6,M04,Operator_4,Product_2,60,55,120,1,10,Operator Break,Replaced part
2024-04-03,Night,7,M03,Operator_4,Product_2,60,46,151,2,0,,Checked pressure
2024-04-03,Night,8,M04,Operator_6,Product_3,60,51,171,1,15,Maintenance,Replaced part
2024-04-04,Morning,1,M05,Operator_7,Product_5,60,55,55,4,0,,
2024-04-04,Morning,2,M01,Operator_5,Product_2,60,48,48,2,0,,Replaced part
2024-04-04,Morning,3,M01,Operator_2,Product_5,60,47,95,0,0,,Replaced part
2024-04-04,Morning,4,M04,Operator_10,Product_5,60,53,53,4,0,,Checked pressure
2024-04-04,Morning,5,M03,Operator_1,Product_4,60,50,50,3,0,,Checked pressure
2024-04-04,Morning,6,M03,Operator_7,Product_1,60,48,98,4,15,Maintenance,Replaced part
2024-04-04,Morning,7,M01,Operator_5,Product_5,60,47,142,1,0,,
2024-04-04,Morning,8,M03,Operator_7,Product_3,60,42,140,0,0,,Checked pressure
2024-04-04,Afternoon,1,M04,Operator_7,Product_2,60,59,59,1,5,Maintenance,
2024-04-04,Afternoon,2,M05,Operator_1,Product_3,60,62,62,2,0,,
2024-04-04,Afternoon,3,M05,Operator_10,Product_3,60,35,97,2,0,,
2024-04-04,Afternoon,4,M02,Operator_9,Product_4,60,41,41,2,10,Material Shortage,
2024-04-04,Afternoon,5,M03,Operator_9,Product_5,60,59,59,1,0,,Checked pressure
2024-04-04,Afternoon,6,M03,Operator_4,Product_2,60,64,123,1,0,,
2024-04-04,Afternoon,7,M02,Operator_8,Product_5,60,61,102,3,10,Machine Failure,
2024-04-04,Afternoon,8,M04,Operator_10,Product_2,60,56,115,5,5,Operator Break,
2024-04-04,Night,1,M04,Operator_4,Product_2,60,50,50,2,5,Machine Failure,
2024-04-04,Night,2,M04,Operator_4,Product_2,60,57,107,2,10,Operator Break,
2024-04-04,Night,3,M05,Operator_4,Product_1,60,64,64,4,0,,
2024-04-04,Night,4,M05,Operator_9,Product_5,60,69,133,4,0,,
2024-04-04,Night,5,M05,Operator_9,Product_4,60,48,181,5,10,Operator Break,Checked pressure
2024-04-04,Night,6,M04,Operator_8,Product_3,60,66,173,3,10,Maintenance,
2024-04-04,Night,7,M02,Operator_5,Product_4,60,52,52,0,0,,Replaced part
2024-04-04,Night,8,M02,Operator_5,Product_3,60,63,115,1,0,,
2024-04-05,Morning,1,M02,Operator_3,Product_2,60,58,58,4,0,,Checked pressure
2024-04-05,Morning,2,M02,Operator_2,Product_4,60,53,111,3,0,,
2024-04-05,Morning,3,M04,Operator_1,Product_2,60,48,48,3,10,Operator Break,
2024-04-05,Morning,4,M05,Operator_7,Product_4,60,54,54,0,0,,Replaced part
2024-04-05,Morning,5,M03,Operator_7,Product_4,60,59,59,1,0,,Checked pressure
2024-04-05,Morning,6,M04,Operator_4,Product_3,60,49,97,0,0,,
2024-04-05,Morning,7,M04,Operator_6,Product_4,60,50,147,2,5,Operator Break,Checked pressure
2024-04-05,Morning,8,M05,Operator_9,Product_1,60,57,111,0,15,Machine Failure,
2024-04-05,Afternoon,1,M04,Operator_3,Product_4,60,66,66,4,0,,Replaced part
2024-04-05,Afternoon,2,M04,Operator_6,Product_2,60,50,116,4,0,,Replaced part
2024-04-05,Afternoon,3,M04,Operator_5,Product_4,60,51,167,1,0,,
2024-04-05,Afternoon,4,M04,Operator_1,Product_5,60,54,221,0,0,,Replaced part
2024-04-05,Afternoon,5,M02,Operator_2,Product_1,60,58,58,4,10,Material Shortage,Checked pressure
2024-04-05,Afternoon,6,M01,Operator_10,Product_2,60,46,46,3,0,,
2024-04-05,Afternoon,7,M01,Operator_10,Product_2,60,55,101,1,0,,Replaced part
2024-04-05,Afternoon,8,M03,Operator_3,Product_5,60,64,64,4,5,Machine Failure,Checked pressure
2024-04-05,Night,1,M03,Operator_2,Product_5,60,76,76,2,0,,Replaced part
2024-04-05,Night,2,M05,Operator_7,Product_4,60,47,47,3,15,Material Shortage,
2024-04-05,Night,3,M05,Operator_4,Product_1,60,40,87,1,5,Maintenance,
2024-04-05,Night,4,M05,Operator_1,Product_3,60,62,149,2,0,,Replaced part
2024-04-05,Night,5,M01,Operator_9,Product_3,60,58,58,3,0,,
2024-04-05,Night,6,M04,Operator_2,Product_4,60,73,73,5,30,Operator Break,Checked pressure
2024-04-05,Night,7,M04,Operator_3,Product_5,60,66,139,2,30,Maintenance,
2024-04-05,Night,8,M04,Operator_7,Product_5,60,50,189,4,0,,Checked pressure
2024-04-06,Morning,1,M01,Operator_5,Product_4,60,39,39,0,0,,
2024-04-06,Morning,2,M05,Operator_10,Product_4,60,49,49,8,0,,
2024-04-06,Morning,3,M03,Operator_3,Product_4,60,44,44,2,0,,Replaced part
2024-04-06,Morning,4,M03,Operator_5,Product_5,60,53,97,3,5,Maintenance,
2024-04-06,Morning,5,M05,Operator_4,Product_1,60,57,106,4,0,,
2024-04-06,Morning,6,M04,Operator_9,Product_2,60,75,75,2,5,Operator Break,
2024-04-06,Morning,7,M01,Operator_2,Product_3,60,69,108,1,0,,Checked pressure
2024-04-06,Morning,8,M03,Operator_10,Product_3,60,63,160,0,0,,Replaced part
2024-04-06,Afternoon,1,M04,Operator_9,Product_3,60,65,65,3,0,,
2024-04-06,Afternoon,2,M03,Operator_5,Product_3,60,37,37,3,0,,Checked pressure
2024-04-06,Afternoon,3,M03,Operator_2,Product_5,60,37,74,3,30,Material Shortage,Checked pressure
2024-04-06,Afternoon,4,M02,Operator_8,Product_3,60,54,54,2,5,Maintenance,
2024-04-06,Afternoon,5,M02,Operator_5,Product_2,60,43,97,3,0,,Replaced part
2024-04-06,Afternoon,6,M01,Operator_9,Product_2,60,59,59,1,0,,
2024-04-06,Afternoon,7,M05,Operator_5,Product_2,60,46,46,0,5,Operator Break,
2024-04-06,Afternoon,8,M01,Operator_10,Product_3,60,49,108,0,0,,
2024-04-06,Night,1,M03,Operator_3,Product_1,60,40,40,2,0,,
2024-04-06,Night,2,M01,Operator_2,Product_4,60,53,53,0,0,,
2024-04-06,Night,3,M02,Operator_3,Product_5,60,60,60,0,15,Machine Failure,Checked pressure
2024-04-06,Night,4,M01,Operator_9,Product_4,60,67,120,2,5,Material Shortage,
2024-04-06,Night,5,M04,Operator_8,Product_3,60,63,63,2,15,Operator Break,Replaced part
2024-04-06,Night,6,M05,Operator_10,Product_1,60,48,48,2,5,Machine Failure,Checked pressure
2024-04-06,Night,7,M02,Operator_5,Product_1,60,48,108,1,0,,Checked pressure
2024-04-06,Night,8,M05,Operator_2,Product_2,60,33,81,3,0,,
2024-04-07,Morning,1,M05,Operator_8,Product_3,60,45,45,2,0,,Replaced part
2024-04-07,Morning,2,M03,Operator_8,Product_1,60,55,55,1,5,Maintenance,Checked pressure
2024-04-07,Morning,3,M04,Operator_2,Product_5,60,48,48,0,0,,Checked pressure
2024-04-07,Morning,4,M03,Operator_3,Product_1,60,44,99,5,0,,Replaced part
2024-04-07,Morning,5,M05,Operator_10,Product_3,60,78,123,2,0,,
2024-04-07,Morning,6,M03,Operator_7,Product_3,60,65,164,1,0,,
2024-04-07,Morning,7,M04,Operator_2,Product_5,60,64,112,3,0,,
2024-04-07,Morning,8,M03,Operator_10,Product_3,60,74,238,0,0,,Checked pressure
2024-04-07,Afternoon,1,M05,Operator_10,Product_1,60,50,50,1,30,Maintenance,
2024-04-07,Afternoon,2,M02,Operator_8,Product_5,60,48,48,1,5,Maintenance,Checked pressure
2024-04-07,Afternoon,3,M05,Operator_7,Product_4,60,29,79,1,30,Operator Break,Replaced part
2024-04-07,Afternoon,4,M04,Operator_6,Product_3,60,61,61,4,5,Material Shortage,Replaced part
2024-04-07,Afternoon,5,M04,Operator_8,Product_3,60,60,121,3,5,Operator Break,
2024-04-07,Afternoon,6,M04,Operator_2,Product_3,60,45,166,2,0,,
2024-04-07,Afternoon,7,M04,Operator_9,Product_1,60,57,223,1,5,Operator Break,
2024-04-07,Afternoon,8,M01,Operator_4,Product_5,60,27,27,2,0,,
2024-04-07,Night,1,M04,Operator_1,Product_2,60,54,54,1,0,,Checked pressure
2024-04-07,Night,2,M03,Operator_8,Product_4,60,42,42,1,0,,Checked pressure
2024-04-07,Night,3,M02,Operator_5,Product_5,60,65,65,2,0,,
2024-04-07,Night,4,M01,Operator_4,Product_1,60,49,49,2,0,,
2024-04-07,Night,5,M02,Operator_8,Product_3,60,60,125,2,0,,Replaced part
2024-04-07,Night,6,M04,Operator_8,Product_4,60,52,106,2,0,,Checked pressure
2024-04-07,Night,7,M04,Operator_4,Product_5,60,55,161,2,0,,Checked pressure
2024-04-07,Night,8,M01,Operator_5,Product_4,60,53,102,2,0,,Replaced part
2024-04-08,Morning,1,M01,Operator_5,Product_3,60,58,58,2,10,Operator Break,Checked pressure
2024-04-08,Morning,2,M04,Operator_9,Product_4,60,50,50,3,0,,
2024-04-08,Morning,3,M04,Operator_6,Product_2,60,48,98,2,30,Material Shortage,
2024-04-08,Morning,4,M02,Operator_7,Product_1,60,32,32,2,0,,
2024-04-08,Morning,5,M04,Operator_7,Product_2,60,63,161,1,0,,
2024-04-08,Morning,6,M02,Operator_9,Product_5,60,55,87,3,0,,
2024-04-08,Morning,7,M04,Operator_2,Product_5,60,60,221,3,15,Machine Failure,Checked pressure
2024-04-08,Morning,8,M04,Operator_3,Product_1,60,67,288,1,0,,Replaced part
2024-04-08,Afternoon,1,M03,Operator_10,Product_4,60,70,70,3,5,Maintenance,
2024-04-08,Afternoon,2,M03,Operator_8,Product_5,60,59,129,1,0,,
2024-04-08,Afternoon,3,M02,Operator_5,Product_2,60,67,67,1,5,Operator Break,
2024-04-08,Afternoon,4,M01,Operator_8,Product_2,60,50,50,4,5,Machine Failure,
2024-04-08,Afternoon,5,M03,Operator_1,Product_3,60,47,176,2,0,,
2024-04-08,Afternoon,6,M02,Operator_4,Product_5,60,42,109,3,0,,Checked pressure
2024-04-08,Afternoon,7,M02,Operator_3,Product_1,60,56,165,1,5,Operator Break,Checked pressure
2024-04-08,Afternoon,8,M04,Operator_10,Product_2,60,81,81,6,0,,Replaced part
2024-04-08,Night,1,M04,Operator_5,Product_1,60,73,73,4,15,Operator Break,Replaced part
2024-04-08,Night,2,M05,Operator_3,Product_1,60,68,68,0,0,,Replaced part
2024-04-08,Night,3,M05,Operator_5,Product_4,60,55,123,2,5,Operator Break,Replaced part
2024-04-08,Night,4,M02,Operator_7,Product_4,60,65,65,2,0,,
2024-04-08,Night,5,M05,Operator_6,Product_5,60,44,167,3,0,,Replaced part
2024-04-08,Night,6,M01,Operator_7,Product_3,60,38,38,2,0,,
2024-04-08,Night,7,M05,Operator_8,Product_3,60,43,210,1,10,Material Shortage,Replaced part
2024-04-08,Night,8,M02,Operator_4,Product_5,60,53,118,3,0,,Checked pressure
2024-04-09,Morning,1,M01,Operator_1,Product_3,60,44,44,2,10,Machine Failure,Replaced part
2024-04-09,Morning,2,M02,Operator_2,Product_3,60,60,60,0,0,,
2024-04-09,Morning,3,M02,Operator_4,Product_2,60,55,115,1,10,Maintenance,Replaced part
2024-04-09,Morning,4,M02,Operator_5,Product_4,60,56,171,3,30,Maintenance,Replaced part
2024-04-09,Morning,5,M01,Operator_8,Product_1,60,80,124,0,0,,Checked pressure
2024-04-09,Morning,6,M04,Operator_9,Product_3,60,43,43,3,0,,
2024-04-09,Morning,7,M01,Operator_5,Product_5,60,67,191,1,0,,Replaced part
2024-04-09,Morning,8,M03,Operator_10,Product_4,60,34,34,3,10,Maintenance,
2024-04-09,Afternoon,1,M02,Operator_8,Product_1,60,43,43,0,5,Maintenance,Checked pressure
2024-04-09,Afternoon,2,M01,Operator_8,Product_3,60,72,72,1,5,Machine Failure,Checked pressure
2024-04-09,Afternoon,3,M01,Operator_1,Product_3,60,54,126,1,30,Machine Failure,
2024-04-09,Afternoon,4,M02,Operator_9,Product_2,60,55,98,1,0,,Replaced part
2024-04-09,Afternoon,5,M05,Operator_7,Product_5,60,55,55,1,5,Material Shortage,
2024-04-09,Afternoon,6,M01,Operator_8,Product_5,60,53,179,1,0,,Replaced part
2024-04-09,Afternoon,7,M01,Operator_6,Product_2,60,63,242,4,0,,Checked pressure
2024-04-09,Afternoon,8,M03,Operator_2,Product_3,60,45,45,2,0,,Replaced part
2024-04-09,Night,1,M01,Operator_7,Product_3,60,38,38,3,0,,
2024-04-09,Night,2,M04,Operator_2,Product_2,60,72,72,2,5,Machine Failure,
2024-04-09,Night,3,M03,Operator_4,Product_2,60,42,42,2,10,Material Shortage,
2024-04-09,Night,4,M05,Operator_4,Product_5,60,72,72,2,0,,Checked pressure
2024-04-09,Night,5,M03,Operator_3,Product_5,60,54,96,3,0,,Checked pressure
2024-04-09,Night,6,M02,Operator_9,Product_3,60,66,66,2,10,Machine Failure,
2024-04-09,Night,7,M02,Operator_1,Product_3,60,48,114,3,10,Material Shortage,Replaced part
2024-04-09,Night,8,M01,Operator_3,Product_3,60,50,88,1,0,,
2024-04-10,Morning,1,M05,Operator_2,Product_1,60,38,38,3,0,,Replaced part
2024-04-10,Morning,2,M05,Operator_10,Product_1,60,60,98,0,0,,Checked pressure
2024-04-10,Morning,3,M05,Operator_1,Product_5,60,57,155,2,0,,
2024-04-10,Morning,4,M01,Operator_8,Product_4,60,64,64,3,0,,
2024-04-10,Morning,5,M04,Operator_8,Product_1,60,51,51,2,15,Maintenance,Checked pressure
2024-04-10,Morning,6,M01,Operator_3,Product_3,60,56,120,1,5,Maintenance,
2024-04-10,Morning,7,M05,Operator_9,Product_3,60,45,200,4,0,,
2024-04-10,Morning,8,M01,Operator_2,Product_5,60,65,185,1,5,Material Shortage,
2024-04-10,Afternoon,1,M04,Operator_4,Product_4,60,61,61,0,0,,
2024-04-10,Afternoon,2,M04,Operator_7,Product_1,60,39,100,2,0,,Replaced part
2024-04-10,Afternoon,3,M03,Operator_6,Product_2,60,51,51,0,5,Operator Break,
2024-04-10,Afternoon,4,M01,Operator_2,Product_1,60,57,57,3,0,,Replaced part
2024-04-10,Afternoon,5,M02,Operator_9,Product_1,60,62,62,3,0,,Replaced part
2024-04-10,Afternoon,6,M01,Operator_7,Product_3,60,49,106,1,15,Operator Break,
2024-04-10,Afternoon,7,M03,Operator_10,Product_3,60,54,105,1,0,,Checked pressure
2024-04-10,Afternoon,8,M02,Operator_8,Product_2,60,61,123,6,10,Maintenance,Replaced part
2024-04-10,Night,1,M01,Operator_5,Product_5,60,39,39,2,0,,
2024-04-10,Night,2,M05,Operator_10,Product_5,60,54,54,2,5,Machine Failure,Replaced part
2024-04-10,Night,3,M01,Operator_3,Product_3,60,63,102,0,5,Maintenance,Replaced part
2024-04-10,Night,4,M03,Operator_1,Product_2,60,56,56,5,15,Operator Break,
2024-04-10,Night,5,M02,Operator_1,Product_1,60,55,55,2,5,Material Shortage,
2024-04-10,Night,6,M04,Operator_8,Product_3,60,55,55,2,0,,Replaced part
2024-04-10,Night,7,M03,Operator_10,Product_5,60,57,113,2,0,,
2024-04-10,Night,8,M02,Operator_3,Product_5,60,50,105,2,0,,
2024-04-11,Morning,1,M03,Operator_8,Product_4,60,65,65,2,0,,
2024-04-11,Morning,2,M04,Operator_5,Product_2,60,40,40,0,10,Machine Failure,Replaced part
2024-04-11,Morning,3,M04,Operator_2,Product_3,60,55,95,5,5,Operator Break,Replaced part
2024-04-11,Morning,4,M01,Operator_4,Product_4,60,65,65,5,30,Machine Failure,
2024-04-11,Morning,5,M02,Operator_5,Product_2,60,70,70,1,10,Maintenance,Replaced part
2024-04-11,Morning,6,M03,Operator_2,Product_1,60,49,114,1,0,,
2024-04-11,Morning,7,M02,Operator_3,Product_4,60,44,114,0,0,,Checked pressure
2024-04-11,Morning,8,M05,Operator_9,Product_3,60,47,47,0,0,,
2024-04-11,Afternoon,1,M04,Operator_1,Product_4,60,54,54,2,15,Maintenance,
2024-04-11,Afternoon,2,M05,Operator_7,Product_4,60,57,57,2,0,,
2024-04-11,Afternoon,3,M01,Operator_6,Product_2,60,64,64,3,10,Operator Break,Replaced part
2024-04-11,Afternoon,4,M01,Operator_7,Product_1,60,52,116,4,0,,
2024-04-11,Afternoon,5,M05,Operator_2,Product_4,60,39,96,1,15,Maintenance,Checked pressure
2024-04-11,Afternoon,6,M03,Operator_3,Product_1,60,55,55,2,0,,
2024-04-11,Afternoon,7,M05,Operator_9,Product_2,60,69,165,1,15,Maintenance,Replaced part
2024-04-11,Afternoon,8,M02,Operator_4,Product_1,60,49,49,2,0,,Checked pressure
2024-04-11,Night,1,M02,Operator_10,Product_2,60,78,78,1,10,Machine Failure,Checked pressure
2024-04-11,Night,2,M04,Operator_8,Product_5,60,64,64,2,10,Operator Break,Replaced part
2024-04-11,Night,3,M03,Operator_3,Product_4,60,57,57,2,0,,
2024-04-11,Night,4,M03,Operator_5,Product_5,60,58,115,2,0,,
2024-04-11,Night,5,M03,Operator_8,Product_4,60,54,169,0,0,,Replaced part
2024-04-11,Night,6,M03,Operator_2,Product_1,60,72,241,2,5,Operator Break,
2024-04-11,Night,7,M05,Operator_9,Product_1,60,54,54,3,0,,Checked pressure
2024-04-11,Night,8,M03,Operator_10,Product_4,60,66,307,2,0,,
2024-04-12,Morning,1,M04,Operator_2,Product_3,60,57,57,7,30,Machine Failure,Checked pressure
2024-04-12,Morning,2,M01,Operator_4,Product_4,60,58,58,1,30,Material Shortage,Replaced part
2024-04-12,Morning,3,M03,Operator_5,Product_4,60,51,51,1,0,,Replaced part
2024-04-12,Morning,4,M05,Operator_1,Product_3,60,46,46,3,0,,
2024-04-12,Morning,5,M05,Operator_7,Product_3,60,63,109,3,0,,Checked pressure
2024-04-12,Morning,6,M03,Operator_2,Product_5,60,40,91,2,5,Maintenance,Replaced part
2024-04-12,Morning,7,M04,Operator_3,Product_5,60,57,114,4,5,Machine Failure,Replaced part
2024-04-12,Morning,8,M05,Operator_7,Product_3,60,70,179,2,10,Machine Failure,
2024-04-12,Afternoon,1,M05,Operator_6,Product_1,60,65,65,0,0,,Checked pressure
2024-04-12,Afternoon,2,M02,Operator_6,Product_4,60,44,44,2,0,,Checked pressure
2024-04-12,Afternoon,3,M02,Operator_2,Product_3,60,49,93,1,10,Machine Failure,
2024-04-12,Afternoon,4,M03,Operator_10,Product_2,60,58,58,0,0,,Checked pressure
2024-04-12,Afternoon,5,M02,Operator_3,Product_5,60,53,146,3,10,Material Shortage,
2024-04-12,Afternoon,6,M01,Operator_7,Product_3,60,34,34,3,5,Material Shortage,
2024-04-12,Afternoon,7,M05,Operator_5,Product_4,60,61,126,1,0,,Checked pressure
2024-04-12,Afternoon,8,M03,Operator_8,Product_2,60,64,122,2,0,,
2024-04-12,Night,1,M04,Operator_5,Product_4,60,61,61,2,0,,
2024-04-12,Night,2,M02,Operator_4,Product_5,60,54,54,2,0,,Replaced part
2024-04-12,Night,3,M01,Operator_8,Product_3,60,52,52,1,0,,
2024-04-12,Night,4,M05,Operator_2,Product_3,60,58,58,3,0,,Checked pressure
2024-04-12,Night,5,M03,Operator_8,Product_5,60,58,58,4,0,,
2024-04-12,Night,6,M01,Operator_4,Product_4,60,59,111,0,15,Machine Failure,
2024-04-12,Night,7,M01,Operator_7,Product_5,60,56,167,2,0,,
2024-04-12,Night,8,M01,Operator_6,Product_2,60,62,229,0,0,,
2024-04-13,Morning,1,M03,Operator_3,Product_2,60,48,48,1,0,,
2024-04-13,Morning,2,M02,Operator_8,Product_4,60,73,73,0,5,Machine Failure,
2024-04-13,Morning,3,M03,Operator_4,Product_2,60,39,87,2,0,,
2024-04-13,Morning,4,M01,Operator_5,Product_2,60,60,60,0,0,,
2024-04-13,Morning,5,M02,Operator_7,Product_5,60,53,126,2,0,,
2024-04-13,Morning,6,M04,Operator_10,Product_5,60,48,48,3,0,,Checked pressure
2024-04-13,Morning,7,M02,Operator_5,Product_4,60,45,171,2,0,,Replaced part
2024-04-13,Morning,8,M02,Operator_10,Product_4,60,54,225,3,0,,
2024-04-13,Afternoon,1,M05,Operator_6,Product_1,60,46,46,1,30,Machine Failure,
2024-04-13,Afternoon,2,M04,Operator_1,Product_4,60,55,55,0,30,Maintenance,
2024-04-13,Afternoon,3,M03,Operator_2,Product_3,60,44,44,3,0,,
2024-04-13,Afternoon,4,M05,Operator_6,Product_2,60,52,98,1,0,,Replaced part
2024-04-13,Afternoon,5,M02,Operator_8,Product_4,60,68,68,0,5,Material Shortage,
2024-04-13,Afternoon,6,M04,Operator_1,Product_3,60,64,119,1,0,,Checked pressure
2024-04-13,Afternoon,7,M01,Operator_6,Product_3,60,73,73,5,0,,
2024-04-13,Afternoon,8,M03,Operator_1,Product_2,60,58,102,4,0,,
2024-04-13,Night,1,M03,Operator_5,Product_1,60,72,72,0,10,Operator Break,
2024-04-13,Night,2,M04,Operator_7,Product_3,60,56,56,0,30,Operator Break,
2024-04-13,Night,3,M03,Operator_9,Product_3,60,48,120,3,10,Operator Break,
2024-04-13,Night,4,M04,Operator_10,Product_2,60,50,106,2,0,,Replaced part
2024-04-13,Night,5,M01,Operator_2,Product_3,60,84,84,4,5,Maintenance,
2024-04-13,Night,6,M05,Operator_7,Product_2,60,54,54,2,5,Maintenance,
2024-04-13,Night,7,M01,Operator_6,Product_5,60,65,149,3,30,Maintenance,
2024-04-13,Night,8,M01,Operator_7,Product_3,60,53,202,2,0,,Checked pressure
2024-04-14,Morning,1,M01,Operator_3,Product_5,60,57,57,3,5,Operator Break,
2024-04-14,Morning,2,M02,Operator_2,Product_2,60,65,65,2,10,Maintenance,Replaced part
2024-04-14,Morning,3,M04,Operator_10,Product_1,60,63,63,1,5,Operator Break,Replaced part
2024-04-14,Morning,4,M03,Operator_8,Product_1,60,56,56,2,0,,Replaced part
2024-04-14,Morning,5,M04,Operator_6,Product_3,60,59,122,1,0,,
2024-04-14,Morning,6,M01,Operator_3,Product_4,60,57,114,3,0,,
2024-04-14,Morning,7,M03,Operator_5,Product_4,60,60,116,2,0,,Replaced part
2024-04-14,Morning,8,M04,Operator_4,Product_1,60,51,173,1,0,,
2024-04-14,Afternoon,1,M04,Operator_3,Product_4,60,58,58,2,30,Maintenance,Replaced part
2024-04-14,Afternoon,2,M01,Operator_9,Product_5,60,54,54,1,0,,Replaced part
2024-04-14,Afternoon,3,M02,Operator_3,Product_3,60,54,54,1,0,,
2024-04-14,Afternoon,4,M02,Operator_3,Product_2,60,59,113,1,10,Machine Failure,Replaced part
2024-04-14,Afternoon,5,M05,Operator_10,Product_3,60,64,64,1,0,,Checked pressure
2024-04-14,Afternoon,6,M05,Operator_2,Product_1,60,50,114,2,0,,
2024-04-14,Afternoon,7,M05,Operator_7,Product_4,60,63,177,5,10,Machine Failure,Checked pressure
2024-04-14,Afternoon,8,M03,Operator_2,Product_4,60,67,67,0,0,,Replaced part
2024-04-14,Night,1,M02,Operator_9,Product_5,60,54,54,2,0,,Checked pressure
2024-04-14,Night,2,M04,Operator_9,Product_1,60,54,54,0,10,Material Shortage,Replaced part
2024-04-14,Night,3,M02,Operator_3,Product_3,60,62,116,2,15,Material Shortage,Replaced part
2024-04-14,Night,4,M05,Operator_5,Product_1,60,54,54,3,0,,Replaced part
2024-04-14,Night,5,M02,Operator_5,Product_5,60,56,172,3,0,,Checked pressure
2024-04-14,Night,6,M05,Operator_10,Product_2,60,59,113,1,0,,Replaced part
2024-04-14,Night,7,M05,Operator_1,Product_1,60,45,158,2,0,,Replaced part
2024-04-14,Night,8,M02,Operator_10,Product_4,60,61,233,3,5,Machine Failure,
2024-04-15,Morning,1,M05,Operator_5,Product_3,60,63,63,5,0,,
2024-04-15,Morning,2,M03,Operator_8,Product_1,60,59,59,0,5,Material Shortage,
2024-04-15,Morning,3,M04,Operator_8,Product_4,60,56,56,2,0,,Checked pressure
2024-04-15,Morning,4,M03,Operator_6,Product_3,60,59,118,2,30,Material Shortage,Replaced part
2024-04-15,Morning,5,M05,Operator_9,Product_1,60,65,128,4,0,,
2024-04-15,Morning,6,M01,Operator_5,Product_4,60,52,52,3,0,,
2024-04-15,Morning,7,M01,Operator_5,Product_4,60,52,104,1,15,Operator Break,Checked pressure
2024-04-15,Morning,8,M02,Operator_6,Product_5,60,68,68,1,5,Material Shortage,Checked pressure
2024-04-15,Afternoon,1,M04,Operator_9,Product_4,60,44,44,2,0,,Replaced part
2024-04-15,Afternoon,2,M04,Operator_1,Product_1,60,40,84,1,15,Operator Break,Checked pressure
2024-04-15,Afternoon,3,M02,Operator_10,Product_3,60,42,42,0,0,,Replaced part
2024-04-15,Afternoon,4,M04,Operator_10,Product_4,60,48,132,3,0,,
2024-04-15,Afternoon,5,M01,Operator_7,Product_2,60,64,64,2,15,Maintenance,
2024-04-15,Afternoon,6,M03,Operator_1,Product_4,60,51,51,1,0,,Checked pressure
2024-04-15,Afternoon,7,M03,Operator_9,Product_3,60,69,120,6,0,,
2024-04-15,Afternoon,8,M05,Operator_5,Product_5,60,36,36,1,5,Machine Failure,Checked pressure
2024-04-15,Night,1,M01,Operator_7,Product_3,60,62,62,2,10,Maintenance,Replaced part
2024-04-15,Night,2,M02,Operator_4,Product_5,60,57,57,2,0,,
2024-04-15,Night,3,M01,Operator_1,Product_2,60,38,100,1,5,Operator Break,
2024-04-15,Night,4,M02,Operator_10,Product_5,60,54,111,2,0,,Replaced part
2024-04-15,Night,5,M02,Operator_7,Product_5,60,70,181,1,5,Maintenance,Replaced part
2024-04-15,Night,6,M05,Operator_9,Product_5,60,62,62,0,0,,Replaced part
2024-04-15,Night,7,M04,Operator_1,Product_3,60,60,60,1,0,,
2024-04-15,Night,8,M04,Operator_10,Product_3,60,45,105,1,10,Machine Failure,
2024-04-16,Morning,1,M03,Operator_10,Product_5,60,39,39,4,0,,
2024-04-16,Morning,2,M05,Operator_8,Product_2,60,59,59,5,0,,
2024-04-16,Morning,3,M02,Operator_4,Product_1,60,59,59,3,0,,
2024-04-16,Morning,4,M02,Operator_1,Product_4,60,42,101,2,0,,Checked pressure
2024-04-16,Morning,5,M04,Operator_4,Product_4,60,52,52,1,0,,
2024-04-16,Morning,6,M01,Operator_3,Product_5,60,67,67,3,0,,Replaced part
2024-04-16,Morning,7,M04,Operator_9,Product_4,60,61,113,1,0,,Checked pressure
2024-04-16,Morning,8,M04,Operator_9,Product_3,60,59,172,0,0,,Replaced part
2024-04-16,Afternoon,1,M05,Operator_8,Product_2,60,67,67,1,30,Maintenance,Replaced part
2024-04-16,Afternoon,2,M02,Operator_5,Product_3,60,71,71,2,5,Operator Break,Replaced part
2024-04-16,Afternoon,3,M04,Operator_6,Product_5,60,46,46,4,15,Maintenance,Replaced part
2024-04-16,Afternoon,4,M01,Operator_10,Product_5,60,71,71,0,0,,
2024-04-16,Afternoon,5,M03,Operator_3,Product_3,60,60,60,1,0,,
2024-04-16,Afternoon,6,M03,Operator_8,Product_3,60,71,131,0,5,Material Shortage,Checked pressure
2024-04-16,Afternoon,7,M05,Operator_5,Product_5,60,43,110,1,5,Material Shortage,
2024-04-16,Afternoon,8,M05,Operator_10,Product_2,60,47,157,1,0,,Checked pressure
2024-04-16,Night,1,M02,Operator_1,Product_1,60,48,48,4,0,,
2024-04-16,Night,2,M01,Operator_3,Product_1,60,62,62,4,30,Material Shortage,
2024-04-16,Night,3,M04,Operator_8,Product_2,60,52,52,0,10,Maintenance,Replaced part
2024-04-16,Night,4,M03,Operator_1,Product_1,60,72,72,2,5,Material Shortage,
2024-04-16,Night,5,M02,Operator_7,Product_2,60,45,93,1,15,Machine Failure,
2024-04-16,Night,6,M04,Operator_3,Product_3,60,61,113,2,15,Machine Failure,Replaced part
2024-04-16,Night,7,M05,Operator_10,Product_1,60,65,65,2,15,Maintenance,Replaced part
2024-04-16,Night,8,M04,Operator_9,Product_5,60,61,174,3,0,,Checked pressure
2024-04-17,Morning,1,M05,Operator_8,Product_3,60,55,55,1,0,,
2024-04-17,Morning,2,M03,Operator_3,Product_4,60,67,67,1,5,Material Shortage,
2024-04-17,Morning,3,M03,Operator_5,Product_5,60,60,127,1,5,Material Shortage,Checked pressure
2024-04-17,Morning,4,M05,Operator_7,Product_4,60,60,115,1,0,,
2024-04-17,Morning,5,M04,Operator_2,Product_2,60,47,47,3,30,Operator Break,Replaced part
2024-04-17,Morning,6,M02,Operator_1,Product_3,60,52,52,3,0,,
2024-04-17,Morning,7,M03,Operator_6,Product_3,60,57,184,3,0,,
2024-04-17,Morning,8,M03,Operator_6,Product_2,60,54,238,6,0,,
2024-04-17,Afternoon,1,M04,Operator_5,Product_2,60,53,53,1,0,,Replaced part
2024-04-17,Afternoon,2,M01,Operator_5,Product_3,60,47,47,4,5,Material Shortage,Checked pressure
2024-04-17,Afternoon,3,M04,Operator_3,Product_4,60,79,132,1,5,Maintenance,
2024-04-17,Afternoon,4,M05,Operator_8,Product_5,60,51,51,2,10,Material Shortage,Checked pressure
2024-04-17,Afternoon,5,M05,Operator_2,Product_5,60,48,99,0,0,,Replaced part
2024-04-17,Afternoon,6,M01,Operator_10,Product_1,60,53,100,0,0,,Checked pressure
2024-04-17,Afternoon,7,M05,Operator_9,Product_2,60,55,154,2,0,,
2024-04-17,Afternoon,8,M01,Operator_4,Product_5,60,60,160,2,0,,
2024-04-17,Night,1,M01,Operator_8,Product_2,60,42,42,2,0,,
2024-04-17,Night,2,M05,Operator_1,Product_5,60,60,60,0,0,,Replaced part
2024-04-17,Night,3,M01,Operator_7,Product_3,60,52,94,0,10,Material Shortage,
2024-04-17,Night,4,M01,Operator_7,Product_3,60,69,163,1,5,Machine Failure,
2024-04-17,Night,5,M04,Operator_1,Product_3,60,49,49,0,0,,Checked pressure
2024-04-17,Night,6,M04,Operator_6,Product_4,60,50,99,1,0,,
2024-04-17,Night,7,M04,Operator_2,Product_5,60,51,150,4,0,,Replaced part
2024-04-17,Night,8,M01,Operator_3,Product_5,60,56,219,3,0,,Checked pressure
2024-04-18,Morning,1,M02,Operator_1,Product_1,60,53,53,1,30,Operator Break,
2024-04-18,Morning,2,M05,Operator_7,Product_2,60,64,64,4,0,,Replaced part
2024-04-18,Morning,3,M02,Operator_5,Product_2,60,49,102,0,15,Machine Failure,
2024-04-18,Morning,4,M04,Operator_10,Product_1,60,29,29,2,0,,
2024-04-18,Morning,5,M01,Operator_10,Product_1,60,40,40,0,0,,
2024-04-18,Morning,6,M02,Operator_1,Product_4,60,56,158,4,0,,Checked pressure
2024-04-18,Morning,7,M01,Operator_3,Product_5,60,56,96,2,30,Material Shortage,Replaced part
2024-04-18,Morning,8,M05,Operator_10,Product_3,60,45,109,1,0,,Checked pressure
2024-04-18,Afternoon,1,M05,Operator_4,Product_4,60,66,66,2,0,,
2024-04-18,Afternoon,2,M05,Operator_10,Product_2,60,46,112,5,5,Operator Break,
2024-04-18,Afternoon,3,M01,Operator_6,Product_4,60,48,48,2,10,Maintenance,
2024-04-18,Afternoon,4,M04,Operator_3,Product_3,60,73,73,5,0,,
2024-04-18,Afternoon,5,M02,Operator_4,Product_3,60,48,48,1,15,Material Shortage,
2024-04-18,Afternoon,6,M01,Operator_9,Product_4,60,56,104,3,30,Material Shortage,
2024-04-18,Afternoon,7,M02,Operator_5,Product_2,60,57,105,0,0,,
2024-04-18,Afternoon,8,M04,Operator_6,Product_1,60,50,123,0,0,,Checked pressure
2024-04-18,Night,1,M01,Operator_5,Product_4,60,46,46,1,5,Machine Failure,
2024-04-18,Night,2,M02,Operator_10,Product_5,60,67,67,2,0,,Checked pressure
2024-04-18,Night,3,M03,Operator_5,Product_1,60,66,66,1,0,,Checked pressure
2024-04-18,Night,4,M01,Operator_8,Product_2,60,62,108,0,5,Material Shortage,
2024-04-18,Night,5,M02,Operator_9,Product_3,60,61,128,1,10,Operator Break,
2024-04-18,Night,6,M05,Operator_6,Product_3,60,68,68,0,0,,
2024-04-18,Night,7,M04,Operator_2,Product_4,60,68,68,2,10,Maintenance,Checked pressure
2024-04-18,Night,8,M03,Operator_6,Product_4,60,60,126,4,0,,Checked pressure
2024-04-19,Morning,1,M02,Operator_1,Product_3,60,70,70,2,0,,
2024-04-19,Morning,2,M03,Operator_3,Product_2,60,60,60,2,0,,
2024-04-19,Morning,3,M05,Operator_4,Product_4,60,44,44,3,0,,Replaced part
2024-04-19,Morning,4,M03,Operator_8,Product_4,60,35,95,0,0,,Replaced part
2024-04-19,Morning,5,M02,Operator_3,Product_5,60,57,127,3,0,,
2024-04-19,Morning,6,M05,Operator_1,Product_1,60,53,97,4,15,Machine Failure,
2024-04-19,Morning,7,M04,Operator_3,Product_2,60,59,59,2,0,,Checked pressure
2024-04-19,Morning,8,M01,Operator_4,Product_5,60,62,62,3,0,,
2024-04-19,Afternoon,1,M05,Operator_10,Product_4,60,54,54,2,5,Machine Failure,
2024-04-19,Afternoon,2,M05,Operator_9,Product_4,60,54,108,4,0,,Replaced part
2024-04-19,Afternoon,3,M05,Operator_5,Product_1,60,36,144,5,0,,
2024-04-19,Afternoon,4,M02,Operator_2,Product_1,60,55,55,1,0,,Checked pressure
2024-04-19,Afternoon,5,M02,Operator_10,Product_5,60,63,118,1,0,,Replaced part
2024-04-19,Afternoon,6,M03,Operator_7,Product_1,60,45,45,2,0,,
2024-04-19,Afternoon,7,M04,Operator_10,Product_2,60,71,71,1,30,Material Shortage,Replaced part
2024-04-19,Afternoon,8,M01,Operator_1,Product_1,60,58,58,3,0,,
2024-04-19,Night,1,M05,Operator_8,Product_1,60,47,47,2,5,Material Shortage,
2024-04-19,Night,2,M04,Operator_7,Product_3,60,61,61,1,0,,
2024-04-19,Night,3,M05,Operator_1,Product_2,60,46,93,4,0,,
2024-04-19,Night,4,M03,Operator_1,Product_1,60,34,34,1,5,Maintenance,
2024-04-19,Night,5,M02,Operator_6,Product_1,60,39,39,1,30,Material Shortage,
2024-04-19,Night,6,M01,Operator_5,Product_2,60,67,67,3,0,,
2024-04-19,Night,7,M05,Operator_6,Product_4,60,70,163,4,10,Material Shortage,
2024-04-19,Night,8,M05,Operator_6,Product_1,60,75,238,2,0,,Checked pressure
2024-04-20,Morning,1,M01,Operator_6,Product_5,60,53,53,4,10,Operator Break,Replaced part
2024-04-20,Morning,2,M01,Operator_5,Product_4,60,50,103,1,0,,Replaced part
2024-04-20,Morning,3,M05,Operator_7,Product_4,60,46,46,1,0,,
2024-04-20,Morning,4,M01,Operator_10,Product_3,60,53,156,5,10,Machine Failure,
2024-04-20,Morning,5,M03,Operator_3,Product_4,60,51,51,2,5,Material Shortage,
2024-04-20,Morning,6,M03,Operator_6,Product_1,60,57,108,2,0,,Replaced part
2024-04-20,Morning,7,M04,Operator_6,Product_3,60,40,40,0,0,,
2024-04-20,Morning,8,M02,Operator_7,Product_4,60,43,43,0,0,,
2024-04-20,Afternoon,1,M01,Operator_1,Product_1,60,49,49,3,0,,
2024-04-20,Afternoon,2,M05,Operator_10,Product_3,60,62,62,3,15,Machine Failure,Replaced part
2024-04-20,Afternoon,3,M04,Operator_7,Product_1,60,53,53,1,5,Material Shortage,Checked pressure
2024-04-20,Afternoon,4,M04,Operator_3,Product_2,60,68,121,0,0,,Replaced part
2024-04-20,Afternoon,5,M04,Operator_3,Product_1,60,54,175,3,0,,Replaced part
2024-04-20,Afternoon,6,M04,Operator_5,Product_4,60,72,247,1,10,Maintenance,Replaced part
2024-04-20,Afternoon,7,M02,Operator_8,Product_5,60,62,62,1,5,Operator Break,
2024-04-20,Afternoon,8,M02,Operator_5,Product_1,60,67,129,0,15,Maintenance,
2024-04-20,Night,1,M03,Operator_8,Product_3,60,45,45,2,0,,Checked pressure
2024-04-20,Night,2,M03,Operator_6,Product_5,60,46,91,2,15,Material Shortage,
2024-04-20,Night,3,M03,Operator_3,Product_4,60,49,140,0,30,Maintenance,
2024-04-20,Night,4,M05,Operator_4,Product_3,60,54,54,1,0,,
2024-04-20,Night,5,M03,Operator_2,Product_5,60,30,170,2,0,,Checked pressure
2024-04-20,Night,6,M05,Operator_1,Product_4,60,63,117,4,15,Material Shortage,
2024-04-20,Night,7,M03,Operator_2,Product_4,60,39,209,3,5,Material Shortage,Replaced part
2024-04-20,Night,8,M02,Operator_5,Product_2,60,49,49,1,5,Operator Break,
2024-04-21,Morning,1,M04,Operator_10,Product_4,60,59,59,2,0,,
2024-04-21,Morning,2,M05,Operator_1,Product_3,60,54,54,1,5,Machine Failure,
2024-04-21,Morning,3,M02,Operator_6,Product_2,60,61,61,2,5,Machine Failure,
2024-04-21,Morning,4,M03,Operator_7,Product_1,60,50,50,2,0,,Replaced part
2024-04-21,Morning,5,M02,Operator_9,Product_5,60,58,119,0,0,,Checked pressure
2024-04-21,Morning,6,M04,Operator_6,Product_4,60,73,132,2,0,,Checked pressure
2024-04-21,Morning,7,M03,Operator_1,Product_4,60,50,100,3,0,,
2024-04-21,Morning,8,M01,Operator_2,Product_2,60,75,75,3,0,,Replaced part
2024-04-21,Afternoon,1,M04,Operator_4,Product_5,60,48,48,1,0,,
2024-04-21,Afternoon,2,M01,Operator_8,Product_4,60,61,61,2,0,,Replaced part
2024-04-21,Afternoon,3,M01,Operator_2,Product_1,60,58,119,3,10,Machine Failure,Checked pressure
2024-04-21,Afternoon,4,M02,Operator_9,Product_2,60,52,52,2,0,,Replaced part
2024-04-21,Afternoon,5,M05,Operator_7,Product_4,60,54,54,3,0,,
2024-04-21,Afternoon,6,M02,Operator_3,Product_4,60,47,99,5,0,,Checked pressure
2024-04-21,Afternoon,7,M04,Operator_10,Product_4,60,36,84,4,0,,Checked pressure
2024-04-21,Afternoon,8,M02,Operator_5,Product_1,60,57,156,2,0,,Checked pressure
2024-04-21,Night,1,M03,Operator_6,Product_2,60,64,64,3,0,,Replaced part
2024-04-21,Night,2,M04,Operator_9,Product_3,60,61,61,2,0,,
2024-04-21,Night,3,M05,Operator_2,Product_3,60,45,45,2,0,,
2024-04-21,Night,4,M05,Operator_3,Product_3,60,59,104,6,15,Machine Failure,Checked pressure
2024-04-21,Night,5,M03,Operator_2,Product_2,60,44,108,2,0,,Checked pressure
2024-04-21,Night,6,M03,Operator_3,Product_5,60,59,167,0,0,,Checked pressure
2024-04-21,Night,7,M05,Operator_7,Product_4,60,66,170,2,0,,Checked pressure
2024-04-21,Night,8,M05,Operator_3,Product_4,60,80,250,2,0,,Checked pressure
2024-04-22,Morning,1,M03,Operator_8,Product_5,60,56,56,2,0,,Replaced part
2024-04-22,Morning,2,M01,Operator_8,Product_2,60,68,68,2,0,,
2024-04-22,Morning,3,M05,Operator_9,Product_4,60,67,67,1,0,,
2024-04-22,Morning,4,M04,Operator_8,Product_4,60,54,54,2,0,,
2024-04-22,Morning,5,M02,Operator_5,Product_1,60,49,49,2,0,,Replaced part
2024-04-22,Morning,6,M02,Operator_8,Product_5,60,50,99,3,5,Operator Break,
2024-04-22,Morning,7,M05,Operator_2,Product_3,60,59,126,1,10,Maintenance,
2024-04-22,Morning,8,M04,Operator_9,Product_2,60,54,108,3,30,Machine Failure,Checked pressure
2024-04-22,Afternoon,1,M03,Operator_1,Product_4,60,57,57,2,0,,
2024-04-22,Afternoon,2,M04,Operator_2,Product_2,60,52,52,3,0,,Replaced part
2024-04-22,Afternoon,3,M05,Operator_7,Product_2,60,65,65,5,5,Material Shortage,Checked pressure
2024-04-22,Afternoon,4,M01,Operator_10,Product_3,60,41,41,3,0,,Checked pressure
2024-04-22,Afternoon,5,M03,Operator_5,Product_3,60,37,94,4,0,,
2024-04-22,Afternoon,6,M02,Operator_7,Product_1,60,32,32,1,30,Material Shortage,Checked pressure
2024-04-22,Afternoon,7,M02,Operator_3,Product_3,60,58,90,2,10,Operator Break,
2024-04-22,Afternoon,8,M02,Operator_10,Product_3,60,56,146,3,5,Operator Break,
2024-04-22,Night,1,M01,Operator_2,Product_4,60,63,63,2,0,,Replaced part
2024-04-22,Night,2,M03,Operator_8,Product_4,60,49,49,2,0,,
2024-04-22,Night,3,M01,Operator_8,Product_3,60,36,99,2,15,Operator Break,Checked pressure
2024-04-22,Night,4,M04,Operator_4,Product_4,60,52,52,1,0,,Replaced part
2024-04-22,Night,5,M03,Operator_9,Product_5,60,64,113,2,0,,
2024-04-22,Night,6,M03,Operator_1,Product_1,60,72,185,2,0,,
2024-04-22,Night,7,M01,Operator_2,Product_2,60,55,154,0,0,,
2024-04-22,Night,8,M04,Operator_4,Product_2,60,66,118,2,15,Maintenance,Checked pressure
2024-04-23,Morning,1,M03,Operator_2,Product_3,60,64,64,3,0,,Replaced part
2024-04-23,Morning,2,M02,Operator_1,Product_4,60,60,60,2,5,Material Shortage,
2024-04-23,Morning,3,M01,Operator_2,Product_1,60,63,63,3,0,,
2024-04-23,Morning,4,M02,Operator_10,Product_2,60,57,117,2,0,,
2024-04-23,Morning,5,M01,Operator_1,Product_3,60,52,115,4,10,Operator Break,Checked pressure
2024-04-23,Morning,6,M04,Operator_2,Product_2,60,46,46,2,0,,
2024-04-23,Morning,7,M01,Operator_6,Product_3,60,47,162,1,15,Material Shortage,
2024-04-23,Morning,8,M02,Operator_3,Product_1,60,41,158,1,0,,
2024-04-23,Afternoon,1,M05,Operator_3,Product_4,60,40,40,2,0,,Checked pressure
2024-04-23,Afternoon,2,M02,Operator_7,Product_5,60,54,54,1,5,Material Shortage,
2024-04-23,Afternoon,3,M01,Operator_3,Product_1,60,65,65,2,0,,
2024-04-23,Afternoon,4,M03,Operator_7,Product_3,60,49,49,2,10,Material Shortage,Replaced part
2024-04-23,Afternoon,5,M01,Operator_4,Product_5,60,46,111,3,5,Maintenance,
2024-04-23,Afternoon,6,M03,Operator_4,Product_5,60,57,106,2,5,Material Shortage,
2024-04-23,Afternoon,7,M03,Operator_1,Product_2,60,47,153,3,0,,
2024-04-23,Afternoon,8,M02,Operator_8,Product_5,60,39,93,4,0,,
2024-04-23,Night,1,M03,Operator_6,Product_2,60,56,56,1,0,,
2024-04-23,Night,2,M03,Operator_9,Product_2,60,48,104,2,10,Machine Failure,
2024-04-23,Night,3,M05,Operator_2,Product_1,60,52,52,1,0,,
2024-04-23,Night,4,M01,Operator_7,Product_5,60,45,45,0,0,,
2024-04-23,Night,5,M04,Operator_7,Product_1,60,60,60,3,5,Material Shortage,Replaced part
2024-04-23,Night,6,M01,Operator_5,Product_1,60,53,98,0,0,,Checked pressure
2024-04-23,Night,7,M02,Operator_9,Product_3,60,62,62,3,0,,
2024-04-23,Night,8,M03,Operator_7,Product_2,60,57,161,1,0,,
2024-04-24,Morning,1,M04,Operator_2,Product_4,60,43,43,0,5,Machine Failure,Replaced part
2024-04-24,Morning,2,M02,Operator_2,Product_1,60,56,56,1,5,Machine Failure,Checked pressure
2024-04-24,Morning,3,M04,Operator_6,Product_5,60,81,124,0,0,,Replaced part
2024-04-24,Morning,4,M02,Operator_6,Product_2,60,50,106,0,5,Maintenance,
2024-04-24,Morning,5,M01,Operator_6,Product_4,60,35,35,4,0,,
2024-04-24,Morning,6,M03,Operator_10,Product_1,60,62,62,2,0,,Replaced part
2024-04-24,Morning,7,M01,Operator_8,Product_5,60,52,87,5,0,,Checked pressure
2024-04-24,Morning,8,M03,Operator_2,Product_5,60,69,131,2,5,Machine Failure,Checked pressure
2024-04-24,Afternoon,1,M05,Operator_1,Product_1,60,65,65,1,15,Machine Failure,Checked pressure
2024-04-24,Afternoon,2,M01,Operator_8,Product_3,60,66,66,1,0,,Checked pressure
2024-04-24,Afternoon,3,M02,Operator_1,Product_5,60,51,51,1,10,Operator Break,Checked pressure
2024-04-24,Afternoon,4,M03,Operator_4,Product_4,60,62,62,3,15,Maintenance,Replaced part
2024-04-24,Afternoon,5,M01,Operator_10,Product_3,60,38,104,3,0,,
2024-04-24,Afternoon,6,M02,Operator_4,Product_5,60,46,97,3,30,Operator Break,
2024-04-24,Afternoon,7,M04,Operator_5,Product_3,60,50,50,3,0,,
2024-04-24,Afternoon,8,M01,Operator_6,Product_2,60,54,158,0,0,,Replaced part
2024-04-24,Night,1,M05,Operator_4,Product_4,60,44,44,0,0,,
2024-04-24,Night,2,M02,Operator_9,Product_2,60,51,51,2,0,,
2024-04-24,Night,3,M01,Operator_4,Product_5,60,54,54,4,0,,
2024-04-24,Night,4,M03,Operator_1,Product_4,60,57,57,3,10,Maintenance,
2024-04-24,Night,5,M02,Operator_9,Product_2,60,43,94,4,0,,
2024-04-24,Night,6,M02,Operator_5,Product_1,60,56,150,1,0,,Checked pressure
2024-04-24,Night,7,M05,Operator_7,Product_3,60,42,86,3,0,,
2024-04-24,Night,8,M05,Operator_2,Product_5,60,46,132,1,0,,
2024-04-25,Morning,1,M01,Operator_10,Product_5,60,52,52,4,0,,Checked pressure
2024-04-25,Morning,2,M02,Operator_5,Product_3,60,78,78,1,15,Operator Break,Replaced part
2024-04-25,Morning,3,M03,Operator_8,Product_3,60,50,50,2,0,,Checked pressure
2024-04-25,Morning,4,M02,Operator_10,Product_1,60,53,131,5,0,,Checked pressure
2024-04-25,Morning,5,M04,Operator_8,Product_3,60,51,51,4,0,,Replaced part
2024-04-25,Morning,6,M02,Operator_8,Product_3,60,57,188,4,0,,
2024-04-25,Morning,7,M01,Operator_3,Product_3,60,40,92,2,10,Machine Failure,Checked pressure
2024-04-25,Morning,8,M03,Operator_3,Product_1,60,46,96,3,5,Maintenance,
2024-04-25,Afternoon,1,M05,Operator_1,Product_3,60,54,54,4,0,,Checked pressure
2024-04-25,Afternoon,2,M01,Operator_7,Product_4,60,57,57,0,0,,Checked pressure
2024-04-25,Afternoon,3,M01,Operator_8,Product_1,60,53,110,2,10,Material Shortage,
2024-04-25,Afternoon,4,M01,Operator_1,Product_2,60,66,176,3,0,,
2024-04-25,Afternoon,5,M03,Operator_2,Product_5,60,74,74,2,0,,
2024-04-25,Afternoon,6,M01,Operator_2,Product_2,60,52,228,1,15,Operator Break,Checked pressure
2024-04-25,Afternoon,7,M01,Operator_6,Product_1,60,48,276,2,0,,
2024-04-25,Afternoon,8,M01,Operator_3,Product_5,60,63,339,4,0,,
2024-04-25,Night,1,M04,Operator_1,Product_4,60,62,62,1,5,Material Shortage,Replaced part
2024-04-25,Night,2,M02,Operator_3,Product_3,60,60,60,6,0,,Checked pressure
2024-04-25,Night,3,M01,Operator_10,Product_5,60,46,46,2,5,Maintenance,
2024-04-25,Night,4,M04,Operator_9,Product_4,60,54,116,1,0,,Replaced part
2024-04-25,Night,5,M04,Operator_3,Product_4,60,36,152,0,0,,Checked pressure
2024-04-25,Night,6,M05,Operator_1,Product_4,60,57,57,3,10,Maintenance,
2024-04-25,Night,7,M05,Operator_8,Product_3,60,53,110,1,15,Maintenance,
2024-04-25,Night,8,M03,Operator_3,Product_1,60,47,47,3,0,,Checked pressure
2024-04-26,Morning,1,M01,Operator_5,Product_1,60,52,52,1,10,Operator Break,Replaced part
2024-04-26,Morning,2,M05,Operator_4,Product_2,60,61,61,4,0,,Checked pressure
2024-04-26,Morning,3,M03,Operator_9,Product_1,60,24,24,2,10,Material Shortage,
2024-04-26,Morning,4,M03,Operator_3,Product_2,60,56,80,2,0,,Replaced part
2024-04-26,Morning,5,M03,Operator_10,Product_1,60,59,139,2,5,Maintenance,Checked pressure
2024-04-26,Morning,6,M05,Operator_4,Product_4,60,60,121,2,0,,Checked pressure
2024-04-26,Morning,7,M04,Operator_1,Product_1,60,48,48,1,0,,Checked pressure
2024-04-26,Morning,8,M01,Operator_9,Product_4,60,50,102,2,0,,Checked pressure
2024-04-26,Afternoon,1,M02,Operator_6,Product_2,60,48,48,2,15,Maintenance,
2024-04-26,Afternoon,2,M01,Operator_3,Product_5,60,55,55,1,5,Material Shortage,
2024-04-26,Afternoon,3,M05,Operator_6,Product_1,60,63,63,1,0,,
2024-04-26,Afternoon,4,M05,Operator_2,Product_3,60,46,109,1,0,,Checked pressure
2024-04-26,Afternoon,5,M02,Operator_7,Product_4,60,50,98,4,5,Material Shortage,Replaced part
2024-04-26,Afternoon,6,M02,Operator_10,Product_2,60,63,161,1,0,,Replaced part
2024-04-26,Afternoon,7,M02,Operator_3,Product_1,60,54,215,3,15,Operator Break,
2024-04-26,Afternoon,8,M02,Operator_10,Product_3,60,74,289,1,15,Material Shortage,
2024-04-26,Night,1,M04,Operator_3,Product_3,60,56,56,4,5,Material Shortage,Replaced part
2024-04-26,Night,2,M03,Operator_3,Product_1,60,55,55,2,10,Maintenance,
2024-04-26,Night,3,M01,Operator_5,Product_2,60,59,59,2,0,,
2024-04-26,Night,4,M03,Operator_5,Product_1,60,53,108,1,5,Machine Failure,
2024-04-26,Night,5,M04,Operator_7,Product_2,60,49,105,4,15,Operator Break,
2024-04-26,Night,6,M03,Operator_9,Product_4,60,53,161,3,0,,
2024-04-26,Night,7,M05,Operator_4,Product_2,60,64,64,1,0,,
2024-04-26,Night,8,M03,Operator_1,Product_3,60,71,232,3,0,,
2024-04-27,Morning,1,M01,Operator_6,Product_2,60,70,70,2,15,Material Shortage,
2024-04-27,Morning,2,M05,Operator_2,Product_3,60,47,47,1,0,,
2024-04-27,Morning,3,M01,Operator_7,Product_2,60,55,125,2,5,Operator Break,Checked pressure
2024-04-27,Morning,4,M01,Operator_2,Product_3,60,44,169,1,0,,Checked pressure
2024-04-27,Morning,5,M04,Operator_9,Product_5,60,52,52,2,0,,Replaced part
2024-04-27,Morning,6,M03,Operator_4,Product_1,60,28,28,0,0,,
2024-04-27,Morning,7,M02,Operator_1,Product_3,60,60,60,2,0,,
2024-04-27,Morning,8,M03,Operator_10,Product_4,60,54,82,4,0,,
2024-04-27,Afternoon,1,M02,Operator_3,Product_3,60,52,52,1,30,Operator Break,
2024-04-27,Afternoon,2,M03,Operator_7,Product_4,60,56,56,2,0,,Replaced part
2024-04-27,Afternoon,3,M01,Operator_9,Product_4,60,42,42,0,0,,
2024-04-27,Afternoon,4,M03,Operator_3,Product_4,60,40,96,4,0,,
2024-04-27,Afternoon,5,M04,Operator_5,Product_2,60,56,56,3,10,Machine Failure,Checked pressure
2024-04-27,Afternoon,6,M01,Operator_2,Product_3,60,57,99,0,10,Operator Break,Checked pressure
2024-04-27,Afternoon,7,M05,Operator_1,Product_4,60,47,47,3,10,Operator Break,
2024-04-27,Afternoon,8,M05,Operator_4,Product_4,60,47,94,6,0,,
2024-04-27,Night,1,M01,Operator_9,Product_5,60,42,42,1,15,Material Shortage,
2024-04-27,Night,2,M04,Operator_3,Product_2,60,48,48,3,30,Material Shortage,Checked pressure
2024-04-27,Night,3,M01,Operator_7,Product_1,60,59,101,2,30,Operator Break,Checked pressure
2024-04-27,Night,4,M02,Operator_10,Product_3,60,66,66,2,0,,
2024-04-27,Night,5,M01,Operator_7,Product_5,60,64,165,1,0,,Replaced part
2024-04-27,Night,6,M03,Operator_9,Product_4,60,54,54,1,15,Machine Failure,
2024-04-27,Night,7,M01,Operator_7,Product_2,60,46,211,0,0,,
2024-04-27,Night,8,M01,Operator_10,Product_1,60,75,286,2,10,Maintenance,
2024-04-28,Morning,1,M03,Operator_7,Product_4,60,75,75,0,0,,
2024-04-28,Morning,2,M01,Operator_3,Product_3,60,55,55,2,0,,
2024-04-28,Morning,3,M01,Operator_7,Product_3,60,32,87,0,5,Machine Failure,
2024-04-28,Morning,4,M03,Operator_6,Product_1,60,70,145,1,0,,Replaced part
2024-04-28,Morning,5,M03,Operator_5,Product_4,60,59,204,2,15,Machine Failure,Checked pressure
2024-04-28,Morning,6,M02,Operator_5,Product_4,60,58,58,5,10,Maintenance,Replaced part
2024-04-28,Morning,7,M04,Operator_10,Product_1,60,75,75,0,0,,Checked pressure
2024-04-28,Morning,8,M04,Operator_8,Product_5,60,41,116,2,15,Machine Failure,Checked pressure
2024-04-28,Afternoon,1,M01,Operator_5,Product_5,60,59,59,1,0,,
2024-04-28,Afternoon,2,M02,Operator_4,Product_2,60,55,55,2,10,Material Shortage,
2024-04-28,Afternoon,3,M04,Operator_1,Product_3,60,68,68,1,5,Maintenance,Replaced part
2024-04-28,Afternoon,4,M04,Operator_9,Product_4,60,66,134,2,5,Machine Failure,
2024-04-28,Afternoon,5,M02,Operator_6,Product_4,60,42,97,3,0,,Checked pressure
2024-04-28,Afternoon,6,M04,Operator_10,Product_5,60,61,195,1,0,,Checked pressure
2024-04-28,Afternoon,7,M03,Operator_2,Product_3,60,75,75,0,0,,
2024-04-28,Afternoon,8,M02,Operator_10,Product_2,60,52,149,1,15,Material Shortage,Checked pressure
2024-04-28,Night,1,M03,Operator_7,Product_5,60,41,41,5,0,,
2024-04-28,Night,2,M04,Operator_3,Product_2,60,38,38,2,5,Machine Failure,Checked pressure
2024-04-28,Night,3,M03,Operator_10,Product_3,60,42,83,2,5,Maintenance,
2024-04-28,Night,4,M04,Operator_6,Product_4,60,62,100,1,0,,
2024-04-28,Night,5,M03,Operator_9,Product_5,60,57,140,3,0,,
2024-04-28,Night,6,M01,Operator_9,Product_3,60,53,53,3,0,,Replaced part
2024-04-28,Night,7,M03,Operator_2,Product_4,60,62,202,4,0,,Replaced part
2024-04-28,Night,8,M03,Operator_5,Product_3,60,52,254,1,5,Maintenance,Checked pressure
2024-04-29,Morning,1,M02,Operator_9,Product_2,60,42,42,2,15,Operator Break,Replaced part
2024-04-29,Morning,2,M02,Operator_1,Product_4,60,58,100,0,30,Maintenance,
2024-04-29,Morning,3,M04,Operator_7,Product_1,60,28,28,4,0,,Checked pressure
2024-04-29,Morning,4,M03,Operator_4,Product_5,60,56,56,1,5,Operator Break,Replaced part
2024-04-29,Morning,5,M05,Operator_5,Product_2,60,56,56,1,10,Material Shortage,Replaced part
2024-04-29,Morning,6,M01,Operator_8,Product_2,60,65,65,0,5,Material Shortage,Replaced part
2024-04-29,Morning,7,M01,Operator_4,Product_3,60,58,123,0,0,,Replaced part
2024-04-29,Morning,8,M04,Operator_6,Product_3,60,50,78,2,0,,Replaced part
2024-04-29,Afternoon,1,M04,Operator_2,Product_4,60,44,44,1,0,,
2024-04-29,Afternoon,2,M04,Operator_4,Product_5,60,44,88,3,0,,
2024-04-29,Afternoon,3,M05,Operator_5,Product_4,60,61,61,1,0,,Checked pressure
2024-04-29,Afternoon,4,M02,Operator_4,Product_3,60,59,59,3,0,,
2024-04-29,Afternoon,5,M02,Operator_6,Product_2,60,62,121,5,10,Operator Break,Replaced part
2024-04-29,Afternoon,6,M02,Operator_6,Product_1,60,52,173,0,0,,Replaced part
2024-04-29,Afternoon,7,M02,Operator_3,Product_5,60,73,246,1,10,Operator Break,
2024-04-29,Afternoon,8,M02,Operator_10,Product_4,60,58,304,2,5,Operator Break,
2024-04-29,Night,1,M04,Operator_7,Product_1,60,61,61,3,0,,Checked pressure
2024-04-29,Night,2,M03,Operator_1,Product_3,60,39,39,2,10,Material Shortage,
2024-04-29,Night,3,M01,Operator_4,Product_2,60,65,65,5,5,Maintenance,Replaced part
2024-04-29,Night,4,M02,Operator_2,Product_4,60,64,64,2,0,,Replaced part
2024-04-29,Night,5,M02,Operator_2,Product_1,60,59,123,4,0,,Replaced part
2024-04-29,Night,6,M04,Operator_9,Product_5,60,62,123,1,0,,
2024-04-29,Night,7,M02,Operator_6,Product_4,60,47,170,0,0,,Checked pressure
2024-04-29,Night,8,M02,Operator_7,Product_1,60,69,239,1,0,,Checked pressure
2024-04-30,Morning,1,M02,Operator_1,Product_5,60,39,39,4,0,,
2024-04-30,Morning,2,M03,Operator_1,Product_4,60,51,51,3,15,Maintenance,
2024-04-30,Morning,3,M05,Operator_1,Product_1,60,57,57,1,5,Machine Failure,
2024-04-30,Morning,4,M01,Operator_7,Product_4,60,68,68,2,0,,Replaced part
2024-04-30,Morning,5,M04,Operator_3,Product_2,60,61,61,2,5,Machine Failure,Replaced part
2024-04-30,Morning,6,M04,Operator_2,Product_5,60,51,112,4,0,,Checked pressure
2024-04-30,Morning,7,M04,Operator_2,Product_5,60,51,163,2,5,Machine Failure,Replaced part
2024-04-30,Morning,8,M01,Operator_2,Product_4,60,56,124,2,0,,Checked pressure
2024-04-30,Afternoon,1,M03,Operator_9,Product_2,60,48,48,0,0,,
2024-04-30,Afternoon,2,M03,Operator_3,Product_1,60,70,118,2,0,,Checked pressure
2024-04-30,Afternoon,3,M04,Operator_6,Product_2,60,43,43,0,0,,
2024-04-30,Afternoon,4,M01,Operator_10,Product_4,60,67,67,4,0,,
2024-04-30,Afternoon,5,M05,Operator_2,Product_1,60,51,51,1,15,Material Shortage,
2024-04-30,Afternoon,6,M03,Operator_5,Product_4,60,41,159,1,0,,Checked pressure
2024-04-30,Afternoon,7,M01,Operator_5,Product_3,60,58,125,0,10,Maintenance,
2024-04-30,Afternoon,8,M01,Operator_2,Product_1,60,54,179,1,0,,Checked pressure
2024-04-30,Night,1,M02,Operator_6,Product_3,60,70,70,2,15,Maintenance,
2024-04-30,Night,2,M03,Operator_6,Product_2,60,48,48,1,0,,
2024-04-30,Night,3,M04,Operator_5,Product_4,60,54,54,1,5,Operator Break,
2024-04-30,Night,4,M02,Operator_2,Product_2,60,40,110,3,5,Machine Failure,Checked pressure
2024-04-30,Night,5,M01,Operator_7,Product_5,60,49,49,3,0,,
2024-04-30,Night,6,M02,Operator_10,Product_4,60,52,162,0,10,Machine Failure,Checked pressure
2024-04-30,Night,7,M04,Operator_8,Product_1,60,66,120,2,15,Operator Break,
2024-04-30,Night,8,M01,Operator_5,Product_3,60,65,114,3,0,,Checked pressure
